Workbook

Sheet zeros
A1: Date | B1: 1Y | C1: 2Y | D1: 3Y | E1: 4Y | F1: 5Y | G1: 6Y | H1: 7Y | I1: 8Y | J1: 9Y | K1: 10Y | L1: Long | M1: Target | N1: Benchmark
A2: 22644 | B2: 3.1375 | C2: 3.4212 | D2: 3.6259 | E2: 3.7658 | F2: 3.8532 | G2: 3.8981 | H2: 3.9089 | I2: NA | J2: NA | K2: NA | L2: 4.06
A3: 23011 | B3: 3.0188 | C3: 3.175 | D3: 3.3106 | E3: 3.4284 | F3: 3.5312 | G3: 3.6212 | H3: 3.7001 | I3: NA | J3: NA | K3: NA | L3: 3.86 | M3: =CORREL(J12:J66, L12:L66) -> 0.99786495
A4: 23376 | B4: 3.624 | C4: 3.8151 | D4: 3.9199 | E4: 3.9757 | F4: 4.0094 | G4: 4.0319 | H4: 4.0479 | I4: NA | J4: NA | K4: NA | L4: 4.13 | M4: =CORREL(K12:K66, L12:L66) -> 0.99736559
A5: 23742 | B5: 3.7492 | C5: 3.894 | D5: 3.9882 | E5: 4.039 | F5: 4.0697 | G5: 4.0902 | H5: 4.1049 | I5: NA | J5: NA | K5: NA | L5: 4.18 | M5: =CORREL(M12:M65, N12:N65) -> 0.97702633
A6: 24107 | B6: 4.7303 | C6: 4.7495 | D6: 4.7564 | E6: 4.7598 | F6: 4.7618 | G6: 4.7632 | H6: 4.7642 | I6: NA | J6: NA | K6: NA | L6: 4.62
A7: 24471 | B7: 4.761 | C7: 4.7349 | D7: 4.7263 | E7: 4.722 | F7: 4.7194 | G7: 4.7177 | H7: 4.7165 | I7: NA | J7: NA | K7: NA | L7: 4.84
A8: 24835 | B8: 5.5272 | C8: 5.5843 | D8: 5.6364 | E8: 5.6689 | F8: 5.6895 | G8: 5.7034 | H8: 5.7134 | I8: NA | J8: NA | K8: NA | L8: 5.7
A9: 25203 | B9: 5.9696 | C9: 6.0366 | D9: 6.091 | E9: 6.119 | F9: 6.1359 | G9: 6.1471 | H9: 6.1551 | I9: NA | J9: NA | K9: NA | L9: 6.03
A10: 25568 | B10: 8.2036 | C10: 8.1144 | D10: 8.0089 | E10: 7.8901 | F10: 7.7605 | G10: 7.6225 | H10: 7.4778 | I10: NA | J10: NA | K10: NA | L10: 7.65
A11: 25933 | B11: 4.9984 | C11: 5.4911 | D11: 5.7569 | E11: 5.9134 | F11: 6.0131 | G11: 6.0811 | H11: 6.13 | I11: NA | J11: NA | K11: NA | L11: 6.39
A12: 26298 | B12: 4.3542 | C12: 4.7912 | D12: 5.1087 | E12: 5.3434 | F12: 5.52 | G12: 5.6554 | H12: 5.761 | I12: 5.8448 | J12: 5.9123 | K12: 5.9677 | L12: 5.93 | M12: =(10 * K12 - 9 * J13) * 0.01 -> 0.032902 | N12: =(10 * L12 - 9 * L13) * 0.01 -> 0.0206
A13: 26662 | B13: 5.657 | C13: 5.9204 | D13: 6.0547 | E13: 6.1311 | F13: 6.1788 | G13: 6.2111 | H13: 6.2343 | I13: 6.2517 | J13: 6.2652 | K13: 6.276 | L13: 6.36 | M13: =(10 * K13 - 9 * J14) * 0.01 -> 0.021972 | N13: =(10 * L13 - 9 * L14) * 0.01 -> 0.0294
A14: 27029 | B14: 7.2024 | C14: 6.7885 | D14: 6.6782 | E14: 6.6632 | F14: 6.6747 | G14: 6.6911 | H14: 6.7062 | I14: 6.7189 | J14: 6.7292 | K14: 6.7377 | L14: 6.74 | M14: =(10 * K14 - 9 * J15) * 0.01 -> 0.029235 | N14: =(10 * L14 - 9 * L15) * 0.01 -> 0.0053
A15: 27394 | B15: 7.1447 | C15: 7.1538 | D15: 7.1571 | E15: 7.1587 | F15: 7.1597 | G15: 7.1604 | H15: 7.1608 | I15: 7.1612 | J15: 7.1615 | K15: 7.1617 | L15: 7.43 | M15: =(10 * K15 - 9 * J16) * 0.01 -> 0.030766 | N15: =(10 * L15 - 9 * L16) * 0.01 -> 0.023
A16: 27759 | B16: 6.1325 | C16: 6.6944 | D16: 7.026 | E16: 7.2314 | F16: 7.3657 | G16: 7.4584 | H16: 7.5255 | I16: 7.5762 | J16: 7.6156 | K16: 7.6472 | L16: 8 | M16: =(10 * K16 - 9 * J17) * 0.01 -> 0.164654 | N16: =(10 * L16 - 9 * L17) * 0.01 -> 0.1817
A17: 28125 | B17: 4.9313 | C17: 5.3607 | D17: 5.7077 | E17: 5.9797 | F17: 6.1907 | G17: 6.3548 | H17: 6.4833 | I17: 6.5853 | J17: 6.6674 | K17: 6.7344 | L17: 6.87 | M17: =(10 * K17 - 9 * J18) * 0.01 -> -0.015735 | N17: =(10 * L17 - 9 * L18) * 0.01 -> -0.0051
A18: 28489 | B18: 6.8873 | C18: 7.1044 | D18: 7.2616 | E18: 7.3776 | F18: 7.4647 | G18: 7.5314 | H18: 7.5833 | I18: 7.6244 | J18: 7.6575 | K18: 7.6847 | L18: 7.69 | M18: =(10 * K18 - 9 * J19) * 0.01 -> -0.025717 | N18: =(10 * L18 - 9 * L19) * 0.01 -> -0.0419
A19: 28853 | B19: 10.2781 | C19: 9.7661 | D19: 9.4085 | E19: 9.1959 | F19: 9.063 | G19: 8.9736 | H19: 8.9096 | I19: 8.8616 | J19: 8.8243 | K19: 8.7944 | L19: 9.01 | M19: =(10 * K19 - 9 * J20) * 0.01 -> -0.014926 | N19: =(10 * L19 - 9 * L20) * 0.01 -> -0.0341
A20: 29220 | B20: 11.4596 | C20: 10.7371 | D20: 10.3205 | E20: 10.0904 | F20: 9.9727 | G20: 9.9215 | H20: 9.9088 | I20: 9.9175 | J20: 9.9374 | K20: 9.9624 | L20: 10.39 | M20: =(10 * K20 - 9 * J21) * 0.01 -> -0.071295 | N20: =(10 * L20 - 9 * L21) * 0.01 -> -0.1166
A21: 29586 | B21: 13.0568 | C21: 12.2879 | D21: 12.1179 | E21: 12.0498 | F21: 11.9982 | G21: 11.9538 | H21: 11.9165 | I21: 11.8861 | J21: 11.8615 | K21: 11.8414 | L21: 12.84 | M21: =(10 * K21 - 9 * J22) * 0.01 -> -0.031625 | N21: =(10 * L21 - 9 * L22) * 0.01 -> 0.0492
A22: 29951 | B22: 13.2576 | C22: 13.445 | D22: 13.4536 | E22: 13.4627 | F22: 13.4752 | G22: 13.4866 | H22: 13.4957 | I22: 13.5028 | J22: 13.5085 | K22: 13.513 | L22: 13.72 | M22: =(10 * K22 - 9 * J23) * 0.01 -> 0.407614 | N22: =(10 * L22 - 9 * L23) * 0.01 -> 0.4234
A23: 30316 | B23: 8.8379 | C23: 9.4221 | D23: 9.8298 | E23: 10.1044 | F23: 10.2811 | G23: 10.3877 | H23: 10.4463 | I23: 10.4744 | J23: 10.4854 | K23: 10.4896 | L23: 10.54 | M23: =(10 * K23 - 9 * J24) * 0.01 -> 0.003376 | N23: =(10 * L23 - 9 * L24) * 0.01 -> -0.0107
... A65: 45657 | B65: 4.1982 | C65: 4.2273 | D65: 4.2638 | E65: 4.3058 | F65: 4.3514 | G65: 4.3994 | H65: 4.4485 | I65: 4.4975 | J65: 4.5458 | K65: 4.5924 | L65: 4.39 | M65: =(10 * K65 - 9 * J66) * 0.01 -> 0.0852 | N65: =(10 * L65 - 9 * L66) * 0.01 -> 0.0664
A66: 46022 | B66: 3.5082 | C66: 3.4717 | D66: 3.5167 | E66: 3.6031 | F66: 3.7092 | G66: 3.8228 | H66: 3.9374 | I66: 4.0491 | J66: 4.156 | K66: 4.2568 | L66: 4.14

Sheet summary
A1: Year | B1: Target | C1: Benchmark
A2: 1972 | B2: =zeros!M12 -> 0.032902 | C2: =zeros!N12 -> 0.0206
A3: 1973 | B3: =zeros!M13 -> 0.021972 | C3: =zeros!N13 -> 0.0294
A4: 1974 | B4: =zeros!M14 -> 0.029235 | C4: =zeros!N14 -> 0.0053
A5: 1975 | B5: =zeros!M15 -> 0.030766 | C5: =zeros!N15 -> 0.023
A6: 1976 | B6: =zeros!M16 -> 0.164654 | C6: =zeros!N16 -> 0.1817
A7: 1977 | B7: =zeros!M17 -> -0.015735 | C7: =zeros!N17 -> -0.0051
A8: 1978 | B8: =zeros!M18 -> -0.025717 | C8: =zeros!N18 -> -0.0419
A9: 1979 | B9: =zeros!M19 -> -0.014926 | C9: =zeros!N19 -> -0.0341
A10: 1980 | B10: =zeros!M20 -> -0.071295 | C10: =zeros!N20 -> -0.1166
A11: 1981 | B11: =zeros!M21 -> -0.031625 | C11: =zeros!N21 -> 0.0492
A12: 1982 | B12: =zeros!M22 -> 0.407614 | C12: =zeros!N22 -> 0.4234
A13: 1983 | B13: =zeros!M23 -> 0.003376 | C13: =zeros!N23 -> -0.0107
... A55: 2025 | B55: =zeros!M65 -> 0.0852 | C55: =zeros!N65 -> 0.0664

Sheet readme
A1: We take zero-coupon data for maturities 1 to 10 years
A2: end of year data 1961-2026
A3: https://www.federalreserve.gov/econres/feds/the-us-treasury-yield-curve-1961-to-the-present.htm
A4: Continuously compounded zero-coupon rates
A5: Also, we take classic coupon 10-year Treasury yields
A6: copied from our main data library from 1927, December daily average
A7: And compare resulting returns of 10-year zero-coupon bonds
A8: True returns (target) and approximated returns (benchmark)
A9: For convenience
A10: We copies the last two columns from the sheet zeros to the sheet summary
